Id,Label,indegree,outdegree,Degree,modularity_class
VidorLu,,0,75,75,0
fonncllau10,,19,0,19,0
giordano_girl,,11,0,11,0
gonagipe,,4,0,4,0
jamlima77,,6,0,6,0
jeje_cricri,,6,0,6,0
kelvin_a10,,19,0,19,0
lazarorosa25,,159,0,159,0
lolaescreva,,37,0,37,0
lucivaniasousa,,14,0,14,0
netto41,,5,0,5,0
oicram2016,,17,0,17,0
profalexmarcelo,,5,0,5,0
queenvermelha13,,28,0,28,0
relidafernanda,,14,0,14,0
tuittage,,3,0,3,0
velhodoriorj,,6,0,6,0
zurenemanique,,26,3,29,0
nandatorres21,,3,0,3,0
euailze,,95,0,95,0
eliiwelton,,6,0,6,0
elianeespindo14,,4,0,4,0
edsozx,,7,0,7,0
AngelJones_13,,19,0,19,0
CamilaPazCosta1,,7,0,7,0
CarlosS48442375,,42,0,42,0
SamuraiChines,,7,0,7,0
Solphis_chan,,12,0,12,0
TelesCombate,,5,0,5,0
TiciaEvans,,15,0,15,0
VanessaCruzs2,,5,0,5,0
ZeliVanderlei,,3,3,6,0
ZellFlorizel,,6,0,6,0
adamoantonioni,,19,0,19,0
Rosaniba,,7,0,7,0
ajleal,,2,0,2,0
canalcoerencia,,7,0,7,0
cassiooliveir_,,25,0,25,0
cervejadgarrafa,,105,0,105,0
cesarcalejon1,,107,0,107,0
claudiofalatudo,,74,0,74,0
consallys,,96,0,96,0
daniduncan,,64,0,64,0
didizinhailha,,10,0,10,0
buarqueana13,,114,0,114,0
RonnyCombate,,39,0,39,0
RicardaBatista,,6,0,6,0
CarlucciMurilo,,2,0,2,0
CrisSilvaSJC,,31,0,31,0
Cro_thom,,10,0,10,0
DREEZ_171,,98,0,98,0
Dan_SK,,9,8,17,0
DielNascimento4,,37,0,37,0
EdsonFilho74,,67,0,67,0
ElzaAugusta,,15,0,15,0
Robi73589635,,13,0,13,0
JRBRONKO,,16,0,16,0
LucianaMSSanch1,,9,0,9,0
LulaSilvaLivre,,7,0,7,0
MDu2022,,8,2,10,0
M_Cristian18,,23,0,23,0
MarcelaSaraivas,,92,0,92,0
Naradmoraes,,5,0,5,0
Neg_POETA,,3,0,3,0
OsBrizolistas,,6,0,6,0
JosDonizettiVi3,,9,5,14,0
rsafllics,,5,0,5,0
sorayabborges,,18,1,19,0
CornetaCritica,,29,0,29,0
danielmarks17,,16,1,17,0
winsletpaulson,,16,1,17,0
OBrizolulista,,31,0,31,0
MarcianoBrito13,,44,2,46,0
marcosaraujjoo,,95,0,95,0
_Janoninho,,237,3,240,0
joaodomenech,,116,8,124,0
MariaSouzza1315,,0,11,11,0
MarcoAn52862258,,0,4,4,0
ORIGOM_14,,0,14,14,0
Miriamlopesrod1,,0,6,6,0
Kaliljacob1,,0,4,4,0
JosSantanadaS13,,0,3,3,0
Lidcar3,,0,12,12,0
Regina13Ara,,0,20,20,0
RobertDCRocha,,0,13,13,0
RoMoraess2,,0,7,7,0
Patricia_Paes10,,0,32,32,0
CeticoLover,,0,9,9,0
Claudia94622157,,0,4,4,0
AishaJanne,,0,6,6,0
4rrud4,,0,5,5,0
ANTONIOCAJNIOR1,,0,12,12,0
Andreaasiss0303,,0,5,5,0
AnaXataOficial,,0,11,11,0
AlineGigena,,0,5,5,0
AnaBonini14,,0,3,3,0
Francis84008209,,0,5,5,0
EurivaldoLima10,,0,3,3,0
IamDudiKk,,0,5,5,0
Francisdemocrac,,0,4,4,0
Daniela22338341,,0,5,5,0
Dane_Coelho,,0,10,10,0
ElianeAugusta,,0,9,9,0
lembrandoVoce,,0,9,9,0
lohanasantos90,,0,5,5,0
kerssia10,,0,6,6,0
katiymaia,,0,6,6,0
marhean40,,0,5,5,0
mae_tarjapreta,,0,5,5,0
fabiolabarcela,,0,19,19,0
flavio_bem,,0,10,10,0
hiago9911,,0,5,5,0
imflopadaa,,0,5,5,0
itmekamila,,0,13,13,0
ruth_chagas_51,,0,6,6,0
vlds_jr,,0,5,5,0
maubitencourt,,0,7,7,0
poesierichel,,0,7,7,0
ninicarvalho,,0,2,2,0
ZeliaMaran,,0,13,13,0
_FlavisCarvalho,,0,8,8,0
adsrocha6,,0,4,4,0
alessandro_kd,,0,13,13,0
Soraya41633025,,0,7,7,0
TEATRO1994,,0,6,6,0
SirleiFlesch,,0,8,8,0
TniaBarrozo,,0,5,5,0
anpgo,,0,5,5,0
danilohugou,,0,6,6,0
daiamorfim,,0,6,6,0
cmbortowski,,0,4,4,0
dudinhazinhaq,,0,7,7,0
carlosrafer,,0,4,4,0
bethebaroni,,0,4,4,0
bonequi91,,0,5,5,0
aquino1976,,0,6,6,0
madelcostas,,0,7,7,0
soraya_naccache,,0,11,11,0
LucliaS35081712,,0,12,12,0
InesveronicaDe2,,0,4,4,0
badvibeslg,,0,9,9,0
ItalobomVictor,,0,6,6,0
_kleber_silva,,0,16,16,0
Astuto31111581,,0,4,4,0
GLAUCIBARROS15,,0,4,4,0
Catarina_47,,0,3,3,0
ROBERTA57596546,,0,17,17,0
Mauro46431491,,0,15,15,0
primasilenciosa,,0,7,7,0
RegBRAJP,,0,24,24,0
AndreiaPatroci2,,0,30,30,0
catarinabioband,,0,15,15,0
sa_carlos,,0,13,13,0
Fabiana29202402,,0,7,7,0
GirassolBrecho,,0,13,13,0
mrslazzie,,0,8,8,0
ootremcaioxx,,0,14,14,0
profvalentimbr,,0,2,2,0
Pitchucky,,0,31,31,0
amerciapps,,0,32,32,0
zelatorre,,0,7,7,0
Aninha56465630,,0,9,9,0
mariahconrado,,0,3,3,0
acquabubbles,,0,18,18,0
eng_kelly,,0,14,14,0
Tatiana73985584,,0,20,20,0
pacato13760420,,0,20,20,0
MarcoAntnioDu1,,0,14,14,0
AstralSandro,,0,7,7,0
Almir_del,,0,20,20,0
Feliped82375579,,0,4,4,0
svennanciogmai1,,0,2,2,0
edvaldo_fonseca,,0,20,20,0
rooseveltribam3,,0,4,4,0
AndrRgo1,,0,37,37,0
bysincerona,,0,35,35,0
IsoldaCerqueira,,0,5,5,0
rosielepamela1,,0,39,39,0
luisalv010474,,0,23,23,0
AgapitoVilson,,0,20,20,0
conciliele,,0,38,38,0
elizsoares,,0,29,29,0
homo10sapiens,,0,29,29,0
Repente40,,0,45,45,0
vaz_eunice,,0,20,20,0
carlosmouramelo,,1,10,11,0
SoyAlineBatista,,0,31,31,0
nadiaprado7,,48,38,86,0
gayLulista13,,0,53,53,0
Mariatirui,,0,5,5,0
OGizelly,,0,5,5,0
Katiasimonegar1,,0,7,7,0
JoseAnd02793053,,0,6,6,0
LevyAlbuquerqu2,,0,3,3,0
LeneHTrin,,0,6,6,0
LilianeRosa_,,0,3,3,0
RosaHVitor,,0,6,6,0
Rodrigo33329172,,0,9,9,0
ProsecutorMaste,,0,5,5,0
PrimilaMaria,,0,7,7,0
BiaPinh45102496,,0,2,2,0
Charles07683213,,0,6,6,0
Aleales8,,0,12,12,0
AkosLiszt,,0,8,8,0
AnaCarol_Balzaq,,0,5,5,0
Flavio37294199,,0,5,5,0
IsabelC29886872,,0,6,6,0
GlaydistaniaF,,0,5,5,0
Cleidedpaula,,0,5,5,0
Corrreea123,,0,6,6,0
EdilsonBispo10,,0,2,2,0
EMelorini,,0,1,1,0
DutraAquiles,,0,6,6,0
lorenai28604404,,0,8,8,0
liviacamis,,0,3,3,0
karineneves13ca,,0,3,3,0
marcia_gueiros,,0,8,8,0
maisamorp,,0,2,2,0
marioasouza72,,0,4,4,0
lulumanaus,,0,1,1,0
lurinaldi1702,,0,1,1,0
gusta20202,,0,4,4,0
jeorgitogomes,,0,6,6,0
josue_aron13,,0,5,5,0
silvaalinea,,0,5,5,0
sahesilva19,,0,4,4,0
terezajunquilh2,,0,5,5,0
toimdacacamba,,0,1,1,0
newesameth,,0,5,5,0
mary_joy_morais,,0,6,6,0
milemile2022,,0,4,4,0
profis_cleber,,0,4,4,0
Yourpurposeee,,0,5,5,0
_ZeDoPovo_,,0,3,3,0
Weslley02374166,,0,3,3,0
aimeudedinho,,0,6,6,0
SessaAriel,,8,2,10,0
Selma48426844,,0,5,5,0
Treta53199668,,0,3,3,0
dayserp1,,0,5,5,0
dmldbdmldb,,0,1,1,0
fabio8304,,0,9,9,0
euvithecrown,,0,10,10,0
elianefernandas,,0,8,8,0
ceara59,,0,3,3,0
claqueteseca,,0,5,5,0
Melo_Brasil_,,0,5,5,0
RonaldoJBBarros,,16,1,17,0
ALEGODOYBOTTINI,,0,4,4,0
Alexandremai5,,0,4,4,0
bola1companhero,,0,8,8,0
GiselyFelipe1,,0,2,2,0
CValgueredo,,0,4,4,0
Vacinaagora,,0,7,7,0
ArlindoATavares,,0,1,1,0
prasemprelula,,0,5,5,0
jeannyy,,0,9,9,0
csilvarego,,0,4,4,0
igormartzell,,0,5,5,0
Bete90071388,,0,16,16,0
BlendaKelly3,,0,6,6,0
Luizcar20598106,,0,3,3,0
ailtoncasares1,,0,2,2,0
analucasdel,,0,5,5,0
carlostaurus99,,0,10,10,0
SoniaKraucher,,0,2,2,0
PatyHelena8,,0,9,9,0
gonzaga_marconi,,0,3,3,0
lupurpurina,,0,4,4,0
AlvesFilomeno,,0,7,7,0
Gabriella3516,,0,4,4,0
Alexmoc,,0,5,5,0
lidibatidao,,0,3,3,0
Claudialula13,,0,4,4,0
libriana86,,0,4,4,0
debscsantos,,0,3,3,0
santossonia407,,0,3,3,0
alexandrarubima,,3,3,6,0
Cezar33601670,,0,5,5,0
elaneide,,0,1,1,0
eduzanete,,0,4,4,0
marinacafadv,,0,3,3,0
ricardo10099129,,0,9,9,0
RosemarySantos,,0,13,13,0
Sabelhinhaa,,0,13,13,0
anapaulapetista,,0,1,1,0
MarilisMolinari,,0,2,2,0
Luishug68080237,,0,10,10,0
analucia3g,,0,5,5,0
zebedeudascoves,,0,4,4,0
Cf70Cristina,,0,4,4,0
CelloCastro,,0,2,2,0
amgelfer,,0,2,2,0
Adalgis51564937,,0,1,1,0
MariaLu01646980,,0,1,1,0
MariaSi25970757,,0,2,2,0
pudim301,,0,1,1,0
NadjaUchoa,,0,1,1,0
paulophb57,,0,1,1,0
adilsonmz,,0,2,2,0
elibarbosa1212,,0,3,3,0
MeziatMarta,,0,3,3,0
robertarocha66,,0,3,3,0
DuasVezes1,,0,6,6,0
twittestela,,0,1,1,0
VernicaQuadro10,,0,1,1,0
afonsor5hotmai1,,0,3,3,0
AnaRuthAlmeida1,,0,2,2,0
ivone_emilia,,0,3,3,0
Anderso74644453,,0,2,2,0
GeovannyLucas8,,0,3,3,0
Cristia46974199,,0,1,1,0
HEY_MALYNE,,0,2,2,0
EdmarAlves68,,0,12,12,0
MarioOl52769551,,0,2,2,0
Cizinhah,,0,3,3,0
j_racionais,,0,1,1,0
anabelarosa8,,0,1,1,0
MarioZocc,,0,1,1,0
ObservatorioXX,,0,13,13,0
robledorap,,0,2,2,0
MarciaF84658325,,0,2,2,0
Mc_Dagora,,0,1,1,0
Ademir1956Ap,,0,3,3,0
NadiaMariasol,,0,14,14,0
lucabyluca,,0,1,1,0
tatianemarceli6,,0,1,1,0
gleyseviana_,,0,3,3,0
AyltonBaptista,,0,3,3,0
OliviaM41894619,,0,1,1,0
Aicram39552326,,0,2,2,0
AntoniadePaula7,,0,2,2,0
luciah1000,,0,14,14,0
Ja_nemel,,0,1,1,0
ElianeZandonadi,,0,2,2,0
rd12493055,,0,4,4,0
MarcoRS1984,,0,2,2,0
Patrcia01777362,,0,3,3,0
simonegmoreno,,5,1,6,0
LKurudez,,0,2,2,0
juracema_de,,0,6,6,0
Fabola07797913,,0,1,1,0
AlexBri51894122,,0,1,1,0
ac13131313,,0,3,3,0
BobNoza,,0,6,6,0
GuedesMyrna,,0,4,4,0
bozo_bot,,0,1,1,0
zz4fap,,0,7,7,0
Marilyn45591155,,0,9,9,0
MercyCordeiro,,0,3,3,1
Rob__Rodrigues,,0,10,10,1
OliveiraVeri,,0,6,6,0
AndreaC84000405,,0,4,4,0
FELIPE15109281,,0,1,1,0
Elzasousa15,,0,7,7,0
DavidSa35681946,,0,8,8,0
DiegoCabral90,,0,14,14,1
CrisHaniel1,,0,5,5,0
fmarianoc,,0,4,4,0
josepasandoval,,0,1,1,0
SocaFofoFsa,,0,6,6,1
Victori23822248,,0,8,8,0
binyfim,,0,6,6,1
alexand38859437,,0,4,4,0
todaspromocoes,,0,1,1,0
Maurici80355597,,0,5,5,0
ElaineC27682379,,0,3,3,0
celsoli66372142,,0,6,6,0
LirioLirioli,,0,5,5,0
Mamarjl,,0,5,5,0
NoronhaNoronh4,,6,2,8,0
OceanAlves,,10,0,10,0
P_de_Plotino,,5,0,5,0
PalhaWill,,7,0,7,0
IsabelA11063116,,6,0,6,0
Janaina61012387,,0,1,1,0
VoltaPicanha,,0,8,8,0
bot_corno,,0,4,4,0
Regina36695692,,0,5,5,0
Ritynhaa_silva,,0,5,5,0
JSantospez,,0,7,7,0
Duyoungit,,0,7,7,0
upelele01,,0,4,4,0
allanvitorgtr,,0,5,5,0
Sr_nulo,,0,4,4,0
Veroavrib,,0,5,5,0
LulaoRei,,1,0,1,0
nordestinanews,,3,0,3,0
cunha_dil,,6,0,6,0
Sampafalke,,11,0,11,1
BrilhaEstrela13,,2,0,2,0
lidiacorrea20,,6,0,6,0
carloscamargo,,4,0,4,0
_PebblesF,,0,5,5,0
cesarduduca,,0,5,5,0
WalterS30842644,,2,0,2,0
Mu29964508Marta,,5,0,5,0
bubuzinha,,0,5,5,0
carloscdias,,5,0,5,0
picrogo,,0,5,5,0
mharcu_,,3,0,3,0
Luciene15018770,,0,5,5,0
orgulho_2,,0,28,28,1
Adriana_SNN,,3,0,3,1
BaraoFarias,,15,0,15,1
BrunoCalixto22,,110,0,110,1
DanaButlerr,,3,0,3,1
DireitaMaria,,3,0,3,1
EMorengueira,,8,4,12,1
Ebenezer0102,,1,0,1,1
Elainnefaria1,,80,0,80,1
FelipeFrazaorj,,22,4,26,1
FranLSNeto,,8,0,8,1
HelenaMeis,,9,4,13,1
DadsDaughter777,,3,0,3,1
Lindasod,,24,0,24,1
RozanaFranco,,7,0,7,1
UdaJuris2022,,107,0,107,1
Wallcostajf,,119,0,119,1
WillianWillCG,,19,0,19,1
addrianomax,,3,0,3,1
anascherer83,,4,0,4,1
aro_marcia,,76,0,76,1
cpavanini,,7,0,7,1
joaoeliud,,5,0,5,1
joaovoltou,,36,0,36,1
leojardels,,15,0,15,1
lira9344529,,13,0,13,1
martinha17_,,12,0,12,1
um_forte,,12,1,13,1
GgmAndrews,,21,0,21,1
Meginec,,0,4,4,1
LeandroTrajano8,,0,2,2,1
JandadaRosange1,,0,14,14,1
Malu230711,,0,2,2,1
MarabesiLeila,,0,14,14,1
Oniramleffe,,0,19,19,1
Historiador55,,0,3,3,1
Elianadiniz85,,0,21,21,1
DruzianMonica,,5,22,27,1
ghabi_marques,,0,4,4,1
soobser_23,,0,16,16,1
meihirataa,,0,10,10,1
WritterAnaLuiza,,0,3,3,1
Waldenilsonrobe,,0,16,16,1
ana_282828,,0,2,2,1
13Danreis,,0,3,3,1
SimonepbiSimone,,0,25,25,1
Arnaldo96251489,,0,34,34,1
Geovana_alves33,,0,6,6,1
John_N4varro,,70,0,70,1
goncalves273,,32,0,32,1
lugubremonotomo,,41,0,41,1
marianelazaro,,32,0,32,1
Suzano_info,,227,0,227,1
MarizaSantiago5,,0,3,3,1
MariaCeciliaSM3,,0,2,2,1
Marcinha_Mazz,,0,3,3,1
MarceloASCWB,,0,15,15,1
NatyeMew,,0,9,9,1
MyCat_mycat2,,0,3,3,1
NaPadrao,,0,2,2,1
NovacSil,,0,3,3,1
MeireMe22166878,,0,5,5,1
Murilr85652911,,0,19,19,1
Moraes09095330,,0,5,5,1
MitsuhiroFF,,0,7,7,1
Karinaadrianoa1,,0,1,1,1
KarinaBraganca,,0,6,6,1
KathalinyMedei1,,0,4,4,1
Juu21Ary30,,0,3,3,1
JulianiMed,,0,5,5,1
LauraApGC1,,0,2,2,1
Le_lmfsl,,0,5,5,1
Laine35214984,,0,7,7,1
Jul1Buss,,0,2,2,1
Jenni_stav,,0,4,4,1
JoelmaMaleoj,,0,4,4,1
JrHellcife,,0,3,3,1
JrKuwahara,,0,2,2,1
JosCarlosCustd3,,0,3,3,1
Leidian40050346,,0,1,1,1
MILIANC6,,0,2,2,1
Marangon23,,0,2,2,1
Lucyvieira7,,0,3,3,1
LeloCamargo1,,0,4,4,1
LuciaSampaio28,,0,3,3,1
LuSaporiBrasil,,0,3,3,1
LidiaConta,,7,4,11,1
LopesGyn2,,0,2,2,1
RitaPontes11,,0,2,2,1
Ricardohmoreir1,,0,2,2,1
Regina90809332,,0,3,3,1
RenildoBrito5,,0,2,2,1
Renata20232024,,0,3,3,1
Ritadec43525725,,0,10,10,1
RoseSantAnnaVi1,,0,2,2,1
SOS_FFAA_2023,,0,8,8,1
RobenildoOlive7,,0,3,3,1
Robson_Cucco,,0,3,3,1
PatGouveiataoky,,0,34,34,1
Patrici92148197,,0,3,3,1
OsmarCordeiro5,,0,1,1,1
OriettaDo,,0,3,3,1
Ravelo_Mortimer,,0,7,7,1
Peter78840211,,0,3,3,1
PolimLimeira,,0,2,2,1
Benedit74003442,,0,5,5,1
BertoniLeo,,0,4,4,1
AnjoDigital22,,0,2,2,1
AnnaMaciel13,,0,1,1,1
Andress01675173,,0,2,2,1
Annotata1,,0,3,3,1
Antonio22759110,,0,3,3,1
ArivandaSantana,,0,5,5,1
CinthiaMagal,,105,2,107,1
Choe2022,,0,6,6,1
CalM29541309,,0,31,31,1
CarloGuida22,,0,2,2,1
CamilaValria8,,0,3,3,1
CameriniDev,,0,5,5,1
Alessan51716001,,0,8,8,1
Alessan32561408,,0,8,8,1
2Vsft,,0,3,3,1
AUGUSTOBISPO01,,0,4,4,1
Analu63605234,,0,4,4,1
Andra82467853,,0,6,6,1
AndreRiemma,,0,3,3,1
AndreTGomesdeSa,,0,2,2,1
AmandaArielArt1,,0,3,3,1
AnaLhMiranda1,,0,3,3,1
AnaCris58562690,,0,6,6,1
AmaralLeda,,0,3,3,1
FaoliRicco,,0,4,4,1
Fernand62758274,,0,2,2,1
FlavioErich,,0,2,2,1
FlavioS1971,,0,4,4,1
Flavi_Franca,,0,3,3,1
Fernandohjus,,0,2,2,1
Elisinha_BR,,0,3,3,1
HelioKieras,,0,2,2,1
IsabelMRVeiga1,,0,3,3,1
JLefani,,0,4,4,1
JOAOACOSTA19,,0,2,2,1
JAIRNUBIALIMA,,0,9,9,1
Gilbert63577801,,0,1,1,1
Gabicryso,,0,1,1,1
Gustavo18476486,,0,1,1,1
GutoVioleiro,,0,3,3,1
HelenaD92072738,,0,2,2,1
GustavoPecorino,,0,1,1,1
DeiaOliver13,,0,2,2,1
DelfinoHannah,,0,3,3,1
DannyOrmelli,,0,2,2,1
DelmiraMathias,,0,1,1,1
DirceuCelini,,0,16,16,1
CostaReservista,,0,4,4,1
CrisMFFreitas,,0,2,2,1
CludiaMascaren6,,0,11,11,1
DKen79857614,,0,1,1,1
Edson34167717,,0,2,2,1
Ecletica1,,0,9,9,1
Ediene98043039,,0,3,3,1
EduardofmbMD,,0,4,4,1
liberdadeaopovo,,0,4,4,1
lu_pollas,,0,5,5,1
lublanche,,0,5,5,1
lordeCollares,,0,1,1,1
lelacohen,,1,21,22,1
klausadico,,0,11,11,1
keitiane_garcia,,0,2,2,1
leandrocozer,,0,6,6,1
mandinhaeeyru,,0,2,2,1
marianatatcher,,0,5,5,1
lucsandart,,0,2,2,1
lucas_simon1324,,0,2,2,1
luciafcbarbosa,,0,1,1,1
madalena_izabel,,0,2,2,1
guiferreiracode,,0,3,3,1
giorismarm,,0,6,6,1
fd2011_1,,0,2,2,1
fbarbosarjbr,,0,3,3,1
jcsobralchagas,,0,2,2,1
jean_c_d_,,0,2,2,1
jjunior19715870,,0,5,5,1
jchaves1111,,0,16,16,1
humbertob209,,0,4,4,1
igor_piratini,,0,1,1,1
socorro62653109,,0,2,2,1
taldageo,,0,1,1,1
saporito_andre,,0,3,3,1
rudneygr,,0,1,1,1
vpmscelso,,0,4,4,1
wacolan,,0,3,3,1
rodferreirasouz,,0,2,2,1
twitLacro,,0,8,8,1
vanercarmo,,0,1,1,1
neide_vp,,0,4,4,1
natanael14107,,0,4,4,1
mauricioprimo11,,0,3,3,1
monemazza,,0,3,3,1
monteiro_marci,,0,13,13,1
mirllaborgees,,0,2,2,1
nilo_casemiro,,0,5,5,1
prixx_piu,,0,1,1,1
pedelouro_elton,,0,1,1,1
pinkylvtc,,0,6,6,1
peleperfeita,,0,1,1,1
ritaderibeiro,,0,3,3,1
roberto14874577,,0,4,4,1
raquel_bernarda,,0,3,3,1
reinaldo6763,,0,1,1,1
paula37095125,,0,2,2,1
p_paula11,,0,5,5,1
ZadraDaniele,,0,7,7,1
YuriSCavalcante,,0,2,2,1
Xulalazct,,0,2,2,1
_Fran_Marinha,,0,8,8,1
WerbitchonA,,0,4,4,1
Wereszk,,0,1,1,1
Wagnerhipolito6,,0,9,9,1
andreco10170325,,0,2,2,1
andreccaldeira,,0,2,2,1
andre_cassio,,0,15,15,1
abneralvsf,,0,3,3,1
abnersantosfre,,0,4,4,1
acaciaguerra_,,0,3,3,1
alexcarv72,,0,2,2,1
alinepsn_,,0,1,1,1
Snia04163782,,0,5,5,1
THAISOL25319575,,0,1,1,1
Silva191485,,0,1,1,1
SilviaCavalca11,,0,2,2,1
TainarhLauren,,0,3,3,1
Vanessa41504968,,0,4,4,1
VarisonAndressa,,0,2,2,1
Valdete51335983,,0,4,4,1
ValerioWaldir22,,0,6,6,1
ValentimIldeja5,,0,2,2,1
Teste57663389,,0,3,3,1
curimim,,0,3,3,1
cynthiafdlima69,,0,4,4,1
dacioneto,,0,1,1,1
djferne2022,,0,3,3,1
deciomiranda00,,0,8,8,1
dede_pepper,,0,1,1,1
claricekrohn,,0,2,2,1
euvaldojr,,0,1,1,1
edcar1811,,0,6,6,1
eliza_junior,,0,9,9,1
elA58735258,,0,3,3,1
betobraga14,,0,6,6,1
brasilacim,,0,4,4,1
bonvivantpb,,0,3,3,1
babyceara,,0,12,12,1
baboes69,,0,7,7,1
argentina_info2,,0,2,2,1
aurinetelemos,,0,1,1,1
carrosstal,,0,3,3,1
lzaana_hotmail,,0,8,8,1
helenrvitorino,,0,7,7,1
AnaPaul00036619,,0,5,5,1
JosephP16662786,,0,1,1,1
TerereTradicao,,0,8,8,1
lucearaujo,,0,14,14,1
SrtaElisMontei1,,0,9,9,1
IvanMor44139289,,0,8,8,1
Roberta89808625,,0,2,2,1
ivanxavierlima1,,0,4,4,1
RacylleThainna,,0,6,6,1
Raquelperess22,,0,4,4,1
RealMeDT,,0,10,10,1
Marlene65162860,,0,12,12,1
Yenor_lanoican,,0,3,3,1
AnderTorres5,,0,6,6,1
sheila_sadaf,,0,5,5,1
RejaneBP38,,9,0,9,1
Tio_Mou,,16,0,16,1
Wagner_R_O,,37,0,37,1
cardoso_boni,,7,0,7,1
carlasonzaa,,3,0,3,1
evandrosjc1,,1,0,1,1
Paulo_Dupont,,11,0,11,1
linapaulaqueir1,,39,0,39,1
maxcilenealves4,,3,0,3,1
rexbonafide,,9,0,9,1
sueli06832725,,6,0,6,1
vanete_araujo,,70,0,70,1
vanzuty,,46,0,46,1
PauloRo67507775,,7,0,7,1
MarloneBHMG,,41,0,41,1
Amoresvidafeliz,,10,0,10,1
MauricioCostaRS,,138,0,138,1
AppelLuciano,,18,0,18,1
E_PaKabah,,18,2,20,1
EduPatricioSP,,9,0,9,1
FelipZimmer,,106,0,106,1
JoaquinTeixeira,,196,0,196,1
marcoaurelio969,,14,0,14,1
MassisanaLima,,0,11,11,1
MarcoElizaSil,,0,21,21,1
ReginaLucia,,0,8,8,1
ALDOBELLELI,,0,3,3,1
renatarecreio,,0,6,6,1
paulofs2002,,0,2,2,1
angelamariazach,,0,3,3,1
Edu210670,,29,0,29,1
clarahcantunes,,0,21,21,1
LeandroMTakano,,8,0,8,1
NikoIasFerreira,,10,0,10,1
Oconservador38,,1,0,1,1
SillvaDanizinha,,1,0,1,1
Tricolorspfc00,,5,4,9,1
arrudamarlon_,,2,0,2,1
eoliveira2003,,12,0,12,1
gabrielpaulo221,,15,2,17,1
mjmacul_lima,,16,1,17,1
Fran_apropria,,3,0,3,1
AndreaDamasce18,,8,0,8,1
PatriaAmada0709,,10,10,20,1
DCDM115,,74,0,74,1
Kaiqueporto32,,105,0,105,1
Luisoli21929060,,71,0,71,1
M43517356Maria,,0,7,7,1
HumbertoSozo,,0,2,2,1
viana_lapolli,,0,22,22,1
netoguerraaa,,0,8,8,1
andrew_cid,,0,2,2,1
elvisgopr,,0,4,4,1
Ribeirao1000,,0,22,22,1
AndrCGalvez1,,0,5,5,1
joelmonteyro,,3,0,3,1
AndreLuisfr22,,5,0,5,1
Math_CEC,,0,4,4,1
Michele17287600,,0,1,1,1
Mrcio64127330,,0,3,3,1
MacielRafante,,0,6,6,1
Rhcavalieregama,,0,16,16,1
RioAiruma,,0,7,7,1
Reginal14480771,,0,18,18,1
S2Angel1234,,0,5,5,1
PRETORIBEIROPR1,,0,3,3,1
PraianoLUIZH,,0,3,3,1
BawiGoncalves,,0,3,3,1
BrenoETSantiago,,0,1,1,1
Cassiaholecko,,0,3,3,1
CarlosR68404460,,0,2,2,1
AlexFBar,,0,5,5,1
AledrDrumond,,0,31,31,1
Fernand6795377,,0,17,17,1
Hemer22aconta,,0,11,11,1
HelenaL78714032,,0,2,2,1
DIASYVES,,0,3,3,1
laisrungria,,0,2,2,1
ghmacambira,,0,3,3,1
helisimulator,,0,4,4,1
gaivotabranca,,0,23,23,1
jeanpsebastiao,,0,7,7,1
simoes_cassiano,,0,6,6,1
sumidamancini,,0,3,3,1
susana_schmoell,,0,2,2,1
vnia_wenzel1,,0,5,5,1
wagnerlbc,,0,12,12,1
valentinameyer,,0,1,1,1
newswordbrazil,,0,7,7,1
pcemig78,,0,7,7,1
ramosdopiaty,,0,1,1,1
almir140771,,0,7,7,1
anisioamaral,,0,3,3,1
alexalves198889,,0,3,3,1
Sugahara80,,0,2,2,1
Valriasilvestr4,,0,1,1,1
Tatyana96116871,,0,5,5,1
cptadriano2023,,0,2,2,1
dornele6,,0,7,7,1
arilluz,,1,0,1,1
BarretoAdriana6,,6,0,6,1
MatildeMarly,,0,1,1,1
MarcoVilla68,,0,4,4,1
Marcosboniatti,,0,1,1,1
MarcusM28711650,,0,2,2,1
Nem_liga,,0,2,2,1
Nilzapasros,,0,3,3,1
Mil56035912,,0,6,6,1
KarineL78420859,,0,2,2,1
Laudemiro2011,,0,2,2,1
JocianeZwercho4,,0,1,1,1
JcndoAmaral,,0,11,11,1
Jotacesse,,0,3,3,1
JoysseReis,,0,1,1,1
Ma76340532Paulo,,0,1,1,1
MadeiraNicolle,,0,2,2,1
MagnoMaximo10,,0,1,1,1
LiberdadeSOSFA,,0,4,4,1
LuanBrenodaSil3,,0,1,1,1
RodrigoBOliveir,,0,1,1,1
Rodrigorangel85,,0,2,2,1
PatriaAmada1974,,0,3,3,1
Ohannaa98,,0,47,47,1
PloshCamila,,0,5,5,1
AzMinhoka,,0,3,3,1
AvelinoOL_,,0,2,2,1
BbFrenetica,,0,4,4,1
AstralColina,,0,9,9,1
Augustogilbucze,,0,2,2,1
AndrezaMarks,,0,3,3,1
CarlosgomesMir2,,0,5,5,1
CleiaGasperi,,0,5,5,1
CARMO10813969,,0,3,3,1
CELSORICARDOLo6,,0,6,6,1
Camisa_amarela3,,0,3,3,1
Carlo38420499,,0,7,7,1
ALutaPeloBrasil,,0,7,7,1
AdemarMelo,,0,3,3,1
Fabiogms917,,0,1,1,1
FabyaneSimoes,,0,1,1,1
Ewerton19771,,0,2,2,1
EliseuMendonca7,,0,4,4,1
Estel4rBR,,0,1,1,1
EveraldoGonalv9,,0,2,2,1
Ericajgg,,0,5,5,1
EscritoraRaquel,,0,4,4,1
ILelyen,,0,2,2,1
HelioAdolfo1,,0,3,3,1
Izabelbelel1,,0,3,3,1
GigiSan18731665,,0,3,3,1
GabyMalves,,0,2,2,1
GuerreiroPatr14,,0,5,5,1
GleicianySilv17,,0,3,3,1
DayKSantos1,,0,3,3,1
DeiaContin,,0,2,2,1
Daniell54874469,,0,1,1,1
DantesHell8,,0,2,2,1
Elaine54826890,,0,2,2,1
Dougz_CR,,0,6,6,1
DireitaForte21,,0,2,2,1
ligiamartalelis,,0,1,1,1
l_katiuscia,,0,4,4,1
marcelovelacb,,0,5,5,1
marinezteixeir1,,0,8,8,1
gyyovanna,,0,2,2,1
gleison_cunha,,0,6,6,1
facchini_r,,0,1,1,1
herondionisio,,0,4,4,1
jef121,,0,11,11,1
jiranalves76,,0,1,1,1
jjsouzas,,0,1,1,1
joanadestra,,0,3,3,1
jadder1984,,0,5,5,1
simonebaldo1,,0,4,4,1
scarNascimento2,,0,1,1,1
rosimei89565688,,0,2,2,1
vini__vargas,,0,2,2,1
vitofeliccio,,0,2,2,1
teammcbiel,,0,1,1,1
vha_direta,,0,3,3,1
vand_lei,,0,2,2,1
myagaucha,,0,3,3,1
neveswalter1,,0,3,3,1
mauriliofc,,0,5,5,1
matzenbac,,0,2,2,1
millemoreira,,0,3,3,1
roberto_moyses,,0,4,4,1
paulorgdiniz,,0,3,3,1
YNakayamo,,0,3,3,1
WanSilva0616,,0,3,3,1
WolmerMonik,,0,9,9,1
adaossilva82,,0,1,1,1
alexbrselva,,0,2,2,1
almeida_welma,,0,3,3,1
SaraDut59760541,,0,4,4,1
VambertoQueiroz,,0,1,1,1
VALFERREIRAR,,0,6,6,1
UemmegaU,,0,2,2,1
TioCaveira300,,0,1,1,1
cypher4protect,,0,2,2,1
diego_canabarro,,0,2,2,1
claudiadotta1,,0,1,1,1
fabimazzeron,,0,5,5,1
edsalex,,0,3,3,1
dulcecfsbarbosa,,0,1,1,1
efbastos,,0,2,2,1
egty,,0,1,1,1
bluiz2010,,0,1,1,1
bin_vera,,0,3,3,1
araujo_dago,,0,1,1,1
arquitetobraga,,0,8,8,1
celestinoAB,,0,1,1,1
celsoeduadvogad,,0,1,1,1
carlosymzk,,0,3,3,1
andrejdb1,,0,3,3,1
Almeida09517604,,0,1,1,1
RosenaraCoelho,,0,1,1,1
AdolphoNeto22,,0,1,1,1
Du4rteMarcio,,0,6,6,1
Clvis45394795,,0,2,2,1
SEMPREGALO5,,0,2,2,1
RSPeres2,,0,1,1,1
ivanir56500,,0,1,1,1
lipecardoso_123,,0,3,3,1
Danicarlasou,,177,0,177,1
ValmorRicadO,,2,0,2,1
belcrischagas,,14,0,14,1
GleissonOpus,,32,0,32,1
Niraholanda,,0,2,2,0
comradechoice,,0,8,8,0
BezzParisi,,0,6,6,0
Cricamg,,0,4,4,0
Maripei82,,0,4,4,1
KrisCandido16,,0,1,1,1
LIMONGES1,,0,6,6,1
LeoSant87961116,,0,1,1,1
RenataL70919732,,0,2,2,1
Antonio72990641,,0,2,2,1
78IGR,,0,2,2,1
DianaBo78466286,,0,9,9,1
DonizetePitondo,,0,7,7,1
Dorasil76578668,,0,6,6,1
leo2etil1,,0,21,21,1
laercioclp,,0,21,21,1
mal_contado,,0,3,3,1
luisfrancoeng,,0,7,7,1
rogersanctus,,0,1,1,1
xandaoloc,,0,3,3,1
SapoBoidas12,,0,15,15,1
Taitiane4,,0,2,2,1
f_taniaferrari,,0,1,1,1
arielsonsorren4,,0,1,1,1
Mariais71386220,,0,9,9,1
mimidias2405,,1,0,1,1
KaiolOof,,51,0,51,1
RenataM81838866,,0,6,6,0
3262paulo2356,,0,5,5,0
EveMirante,,0,5,5,0
Crislai17825672,,0,11,11,0
juvenalcaon,,0,1,1,0
lucas33074852,,0,5,5,0
Trasherfive,,0,6,6,0
deniseborba23,,0,6,6,0
Felipefaria777,,6,0,6,1
Karinegtoledo,,40,0,40,1
almacigana7,,9,0,9,1
mara_selma,,5,0,5,1
Ander_avante,,2,0,2,1
CarolPollice,,5,0,5,1
Christi59322080,,7,5,12,1
Douglasvet33,,17,0,17,1
Joao_Freita32,,1,0,1,1
LeoniceMariana1,,22,0,22,1
MDemocracia22,,2,0,2,1
Na_Kamache,,2,0,2,1
Priscil10056408,,4,0,4,1
aquiflavio,,4,0,4,1
aurireis,,4,0,4,1
danoskigil,,4,0,4,1
deborahtelles,,5,0,5,1
edmar_louzada2,,3,0,3,1
mmichelemartins,,11,0,11,1
psy_fps,,23,0,23,1
RCLconservadora,,0,4,4,1
xavante21,,3,0,3,1
sabinanogueira1,,7,0,7,1
rafurss,,2,0,2,1
IvairSouza4,,13,0,13,1
KayrusFenix,,2,0,2,1
LucianaSV29,,6,0,6,1
PolticaDVerdade,,5,0,5,1
aDaniCensurada,,2,0,2,1
izaiaasp,,14,0,14,1
juliartmy,,3,0,3,1
julyylacerda,,7,0,7,1
EndterPierre,,3,0,3,1
AloyAV2,,3,0,3,1
ApenasTruthNews,,8,0,8,1
BiaahD02,,2,0,2,1
DoutorRedpill,,4,0,4,1
Marcelo08444139,,0,12,12,1
CabruncoRuim,,0,4,4,1
camilapa21,,7,0,7,1
Gerlanecostaf,,5,0,5,1
euquerenh,,7,0,7,1
CPavanJau,,5,2,7,1
alexfmotta,,12,0,12,1
_winston_br,,8,0,8,1
EdnaApagusmao,,0,11,11,1
Julyanaadm,,3,0,3,1
QuerenMenezes,,2,0,2,1
luzia_teofilo,,0,10,10,1
soniagregorio4,,0,13,13,1
fabiobatistalo1,,0,1,1,1
enriique_garcia,,0,2,2,1
bpdanielrocha,,0,13,13,1
LeoewalF,,13,0,13,1
DileniFeliz,,2,0,2,1
Jouberth19,,14,0,14,1
Livco,,5,0,5,1
LueltonB,,7,0,7,1
app_viana,,1,1,2,1
claryene,,9,0,9,1
ddavidsantoss,,3,0,3,1
FturleLacerda,,1,0,1,1
Emerson_sincero,,2,0,2,1
joao_gabrieltv,,2,0,2,1
w_vichiolli,,1,0,1,1
JulianaAmorasP,,2,0,2,1
Rosani15245257,,0,5,5,1
brito_efrem,,0,9,9,1
Pittyprovesi,,12,0,12,1
moreirafk,,2,0,2,1
olordsnow,,3,0,3,1
vivianesfarias1,,3,0,3,1
vniacavalcante,,2,0,2,1
GabryelyOlivei1,,3,0,3,1
ATROMBETA3,,2,0,2,1
AlvesContabeis,,25,0,25,1
Andrisa01,,12,0,12,1
EntregadorDeGas,,2,0,2,1
adrianomenino1,,3,0,3,1
SantosClara14,,3,0,3,1
rfenandesandrad,,1,0,1,1
Alex__Lemos,,5,0,5,1
AlexJrIC12,,1,0,1,1
NeideM10,,0,2,2,1
MissRosyF,,0,8,8,1
JodinaF,,0,2,2,1
JoseRod61803783,,0,3,3,1
JosGandra4,,0,6,6,1
LeiaRachor,,0,3,3,1
MamataMelo,,0,4,4,1
LucyVinhais,,0,2,2,1
RezendeNathi,,0,1,1,1
Rita21653073,,0,10,10,1
RenataBensi,,0,2,2,1
SamuelFBrust,,0,2,2,1
Sandra3ps,,0,4,4,1
SONIASOLANGE7,,0,2,2,1
RoogirRa,,0,6,6,1
RosaSergio5,,0,6,6,1
PaniagoGomes,,0,3,3,1
Raquellgynlopes,,0,4,4,1
Prithyprea,,0,1,1,1
PedullaGabriela,,0,6,6,1
Bastos_Gaabi22,,0,2,2,1
Antonio64592374,,0,1,1,1
CarlosS10521054,,0,4,4,1
ClaudineiGalan,,0,1,1,1
Bruno_srnunes7,,0,8,8,1
CLAUDIALARANJA,,0,1,1,1
Camilla36694011,,0,6,6,1
Alberto08494564,,0,3,3,1
Alexand94097183,,0,5,5,1
30110a91517e460,,0,5,5,1
AnaPaulaVianabh,,0,2,2,1
AnaSant79378906,,0,3,3,1
FD0g6aaGenTtKHV,,0,3,3,1
FERNANDORSM,,0,1,1,1
FlviaBe19788620,,0,2,2,1
Eliza_amorim31,,0,3,3,1
Eusoubrunoooo,,0,4,4,1
Evandro_SI,,0,2,2,1
EriveltonPaixao,,0,7,7,1
GersonJosdeOli3,,0,1,1,1
Gilsonsousa22,,0,2,2,1
GeorgiaFrancoD1,,0,6,6,1
GeferGessi,,0,1,1,1
GracielleJesu12,,0,4,4,1
GuairaSobieski,,0,2,2,1
ElioJun68055097,,0,6,6,1
CrisNR_Hurtado,,0,1,1,1
Clelia03102018,,0,3,3,1
ConsultorOttoni,,0,1,1,1
Crisrosac,,0,2,2,1
DDD90787080,,0,4,4,1
EduardoJosAlve9,,0,2,2,1
EdvaldoEvangel9,,0,2,2,1
Drey__Silva,,0,3,3,1
Douglas70211690,,0,2,2,1
lucami1100,,0,3,3,1
maranataoravemJ,,0,2,2,1
mar_solceu,,0,2,2,1
marileia2141,,0,13,13,1
luizpon57226662,,0,1,1,1
georgesrjadv,,0,2,2,1
gjlbrothers,,0,2,2,1
gleicebrabo,,0,2,2,1
juli13_julio,,0,1,1,1
joao_merisio,,0,3,3,1
sandraschulzcar,,0,7,7,1
zecab,,0,2,2,1
tomcatspeedi,,0,3,3,1
vanessinha_st,,0,2,2,1
mukinha_samu3l,,0,3,3,1
neybuenosc,,0,1,1,1
michelle_psg,,0,4,4,1
patriaeordem,,0,1,1,1
paulaasssompcao,,0,1,1,1
Viviane65301340,,0,2,2,1
VirleideFiguei1,,0,2,2,1
WarleyFAragao,,0,1,1,1
animations_sign,,0,1,1,1
andre_brazolin,,0,1,1,1
SergioAndreassa,,0,5,5,1
SeSodyne,,0,2,2,1
SirMorello,,0,4,4,1
Thah818223052,,0,5,5,1
The_Yachtsman,,0,3,3,1
danniel0983,,0,4,4,1
direita_ver,,0,5,5,1
domit_37,,0,2,2,1
donattinha,,0,1,1,1
denisanddi,,0,8,8,1
claudio_degani,,0,4,4,1
fabiola___rf,,0,2,2,1
e2005lopes,,0,4,4,1
RomualdoOlarte,,0,3,3,1
PaulacbdeLima,,0,3,3,1
CibelePaula4,,0,3,3,1
BrunoMo29834017,,0,2,2,1
AndreaSemeler,,0,5,5,1
jhemyson,,0,2,2,1
jacquietequila,,0,6,6,1
thiagom23972049,,0,2,2,1
aline_fvieira,,0,3,3,1
Simonegomes1981,,1,9,10,1
TiagoErnane,,0,5,5,1
cfmattos,,0,2,2,0
MarceloGouvea20,,0,4,4,1
NEEMIAS47,,0,4,4,1
LuizJeffersonD7,,0,4,4,1
SSRE05187441,,0,2,2,1
Ronald82090570,,0,2,2,1
RogerioScarabe1,,0,1,1,1
Rebolsominia,,0,7,7,1
Binho4422,,0,2,2,1
22Helder22,,0,3,3,1
AmandaJ96739672,,0,5,5,1
FCLantaller,,0,3,3,1
Everton74038853,,0,3,3,1
ElisBrando6,,0,7,7,1
GaldianoIvonete,,0,5,5,1
Dannisleyk1,,0,2,2,1
EdsonRo82470791,,0,3,3,1
ElaineA72327265,,0,2,2,1
jrelisiar,,0,1,1,1
sergionei_bozzo,,0,12,12,1
todorumba,,0,2,2,1
vanessvargas,,0,2,2,1
nsejalienado,,0,2,2,1
Tom_Strenge,,0,2,2,1
boapauta,,0,2,2,1
Matheus44072471,,0,1,1,0
MarciaRemedy,,0,9,9,0
JosTeix36149984,,0,6,6,0
MAnoizzz24,,0,5,5,0
PatrciaRoberia,,0,8,8,0
ACrazyDreamer1,,0,4,4,0
AndreaconradoO,,0,5,5,0
Ezequie21183467,,0,5,5,0
Guirodox_,,0,2,2,0
larissasonielly,,0,5,5,0
victorbuchmann_,,0,6,6,0
tudodiatodo,,0,4,4,0
thymarirochagm1,,0,4,4,0
reyjbr2004,,0,2,2,0
nimsay_ya,,0,3,3,0
oiii__rodrigo,,0,5,5,0
clarambfortes,,0,1,1,0
eddie_engels,,0,10,10,0
Leonard12664645,,0,1,1,0
AnasUniverso,,0,4,4,0
FavaWell,,0,5,5,0
King_Napoleao,,0,7,7,1
HGamepas,,0,1,1,1
DanielD61417722,,0,5,5,1
fernandaitatiba,,0,7,7,1
SilviaC34471888,,0,5,5,1
_aaaaalves_,,0,5,5,0
MarileneOlivier,,0,1,1,1
MICHELL17179024,,0,3,3,1
SANDRACARMELINA,,0,3,3,1
RosaEmilene,,0,2,2,1
OsvaldoLimaJni1,,0,1,1,1
Oh_viannaa,,0,1,1,1
Raquel33547872,,0,1,1,1
Patriot2022_,,0,3,3,1
PatriotaAutnti1,,0,1,1,1
AngelaR22007377,,0,4,4,1
AntoniaALacerda,,0,3,3,1
ClaudiaGean5,,0,2,2,1
Carlaprincesa3,,0,3,3,1
Aleghiraldini,,0,1,1,1
AdrianiCaap,,0,2,2,1
Flaviano_lopes1,,0,1,1,1
DeividS35123212,,0,4,4,1
Deize95979464,,0,4,4,1
DioneIracema,,0,3,3,1
mach16mar,,0,4,4,1
ffranklinoliv27,,0,2,2,1
fatimaventuraa,,0,3,3,1
ivanamorticia,,0,1,1,1
veralindagon,,0,1,1,1
ricardo37347725,,0,1,1,1
andremaquieira,,0,1,1,1
SoraiaHidalgo,,0,4,4,1
ThePhalma,,0,2,2,1
cristinacosta22,,0,2,2,1
erwalio,,0,1,1,1
eusamyra20,,0,3,3,1
elimarconde,,0,1,1,1
bolson_c,,0,2,2,1
MariOli71103436,,0,3,3,0
miriana_martins,,0,1,1,0
suelybianor,,0,4,4,0
apostoloCASSIUS,,0,1,1,1
Marlene22046135,,0,4,4,1
NeideLi19431932,,0,8,8,1
KkgMarte,,0,2,2,1
Joel_aman38,,0,1,1,1
MARISAO82607508,,0,1,1,1
Lia_Bristol,,0,5,5,1
LianaBarbosaDe1,,0,3,3,1
RubertoRocci,,0,3,3,1
RoberttGarcia33,,0,1,1,1
Paiva28504696,,0,2,2,1
RaquelA43433137,,0,3,3,1
Raylane35861437,,0,2,2,1
JairCavalcant19,,0,1,1,1
AFazend76488620,,0,1,1,1
Adriano19777131,,0,3,3,1
Elizabe06814312,,0,11,11,1
Elisand70827695,,0,4,4,1
EliArthur174,,0,1,1,1
Direita_Network,,0,2,2,1
mariaau15487649,,0,7,7,1
flavio_1957,,0,2,2,1
isaaclevyneto,,0,2,2,1
symone56288131,,0,3,3,1
wandafolter1950,,0,3,3,1
twitaali,,0,4,4,1
marleisousa1972,,0,6,6,1
millasatscor,,0,4,4,1
rluiz99,,0,4,4,1
ZipZum,,0,1,1,1
_RuthMartins,,0,2,2,1
anna_pestilli,,0,2,2,1
VCris_RDE,,0,2,2,1
eliasoliveiradm,,0,1,1,1
ceclaudio,,0,1,1,1
antuerpiallana,,0,1,1,1
MarcioDoce88,,0,2,2,1
NoemarioM,,0,2,2,1
Juliana110174,,0,5,5,1
Karina42097974,,0,1,1,1
JosVand99343967,,0,1,1,1
Leo_Sullyvan,,0,5,5,1
LopesDonizetti,,0,2,2,1
Rribeirocfilho,,0,2,2,1
SamuelR94976587,,0,2,2,1
RGLAMOUNIER,,0,2,2,1
PedroGomez2210,,0,3,3,1
JacqueMuller,,0,2,2,1
BrunaMa83538150,,0,3,3,1
CEspindolla,,0,1,1,1
Americaservicos,,0,3,3,1
IsabelCaceffo,,0,1,1,1
Guilher35734223,,0,1,1,1
D_rodrigo17,,0,1,1,1
Doryssantos3,,0,2,2,1
lolloperez,,0,2,2,1
marcio25_nh,,0,2,2,1
mafair12,,0,2,2,1
jemiliosilva7,,0,1,1,1
rosenilda_sutil,,0,3,3,1
tatianedures,,0,5,5,1
vieiraronnie24,,0,1,1,1
tianepps,,0,4,4,1
murillomtzz,,0,2,2,1
ohjuel,,0,1,1,1
anicaferrero,,0,1,1,1
adrianacercan2,,0,1,1,1
Snia54763231,,0,1,1,1
TSBorGS,,0,2,2,1
SilvaRilana,,0,7,7,1
Verdugo223,,0,2,2,1
crymbleshotmai1,,0,6,6,1
dudapupe,,0,1,1,1
edy5713,,0,1,1,1
LciaSou28589004,,0,4,4,1
Leandro97758105,,0,3,3,1
JosAilt54411487,,0,1,1,1
Rutemar83964754,,0,6,6,1
OpiniaoDireita,,0,4,4,1
Artsuper8,,0,2,2,1
CinaraPereira7,,0,1,1,1
AmandaLazaroZ,,0,4,4,1
taniavitoria,,0,1,1,1
rosinha_br,,0,5,5,1
trakinasyummy,,0,4,4,1
tri_jason,,0,1,1,1
ttangerino,,0,1,1,1
nema_uchoa,,0,1,1,1
marta56028719,,0,5,5,1
alexsan80192858,,0,1,1,1
SoniaAlvares8,,0,1,1,1
dnak_d,,0,1,1,1
MarciaDoCarmoM1,,0,4,4,0
ORadicalLivre,,0,4,4,1
Nichola67189482,,0,1,1,1
Mslexotan1,,0,2,2,1
MarcelaPaolla,,0,2,2,1
SBluhu,,0,9,9,1
Rodrigo80547582,,0,1,1,1
RafaelEliezer5,,0,2,2,1
RayaneRengifo,,0,1,1,1
Carlos_Edu_82,,0,3,3,1
CarlosDrum9,,0,5,5,1
Flavioh007,,0,2,2,1
Daniele50624897,,0,1,1,1
Darlyng1419,,0,2,2,1
lore_instrutora,,0,4,4,1
karindelrio2904,,0,3,3,1
marciacamargo12,,0,2,2,1
fernand03093975,,0,3,3,1
justiceira_la,,0,5,5,1
itaozin,,0,1,1,1
rosydayane_,,0,2,2,1
nanda_md2011,,0,4,4,1
miniondestro,,0,4,4,1
YasminnBarbosa1,,0,2,2,1
amanda_villaca,,0,3,3,1
anderson_gs1,,0,2,2,1
StaMaira,,0,1,1,1
NiemetzAlex,,0,6,6,1
Juciarossi1,,0,3,3,1
Cassi44241258,,0,3,3,1
IsisPatriota,,0,2,2,1
ESm972,,0,2,2,1
joao_marcos35,,0,7,7,1
Marta_Haya,,0,3,3,1
Neubert222,,0,1,1,1
LSenun2,,0,1,1,1
RodrigoDiogode2,,0,1,1,1
AnnieDuarte14,,0,5,5,1
CarolRi92672510,,0,1,1,1
CintiaSAMello,,0,2,2,1
FerMach59373858,,0,2,2,1
DaviSatto,,0,1,1,1
Cris42405695,,0,1,1,1
heteromachosim,,0,1,1,1
willians_caires,,0,1,1,1
vcoura,,0,1,1,1
oxijulhaa,,0,2,2,1
SuzanaGomesofc,,0,1,1,1
Sianny29981440,,0,1,1,1
TaiWaleska,,0,1,1,1
Umbemlegal,,0,2,2,1
costasouzalu,,0,2,2,1
dulcicechinel_,,0,2,2,1
PauloBragaJr1,,0,2,2,1
PomimF,,0,2,2,1
ElineiaCassotto,,0,2,2,1
keissy_karla,,0,2,2,1
xandevolp,,0,2,2,1
mename29016356,,0,2,2,1
Sergio26583231,,0,2,2,1
dianetagarro,,0,1,1,1
Diane64072478,,0,3,3,1
rochamikas44,,0,3,3,1
KarenKellen11,,0,2,2,1
All_Star_Yallow,,0,1,1,1
AlexandreVichn1,,0,2,2,1
Enya99659645,,0,1,1,1
ValriaM85164705,,0,1,1,1
MeirielynBueno,,0,5,5,1
Sandra72344197,,0,1,1,1
SantanaIsa89,,0,1,1,1
PAULOQU50298291,,0,1,1,1
PereiraRondon,,0,1,1,1
Bolsonaro22P,,0,2,2,1
Fernanda83BR,,0,1,1,1
EsdrasBas,,0,1,1,1
Davi76951202,,0,2,2,1
romeu_costenaro,,0,1,1,1
opinamundos,,0,1,1,1
Vinh1Patriciamp,,0,1,1,1
SchneiderKellyC,,0,1,1,1
davidyagi,,0,2,2,1
cristiane_cadri,,0,1,1,1
MarcosBFabro,,0,2,2,1
MairaMatoss,,0,2,2,1
PedroJn03433803,,0,1,1,1
Felicia06743334,,0,1,1,1
Elizabe00128079,,0,3,3,1
Elizabe54726333,,0,2,2,1
EricMamae,,0,1,1,1
GomesSolamita,,0,1,1,1
Jacariana,,1,0,1,1
LuizAlb29422030,,4,0,4,1
PovoEosupremoBr,,2,0,2,1
patriamada07,,2,0,2,1
AspasDireita,,16,0,16,1
MovimentoAcao,,0,2,2,1
LSerranegra,,0,1,1,1
LuMM21689256,,0,1,1,1
RodrigoCVieir,,0,1,1,1
8x8News,,0,1,1,1
AliadoPeloBR,,0,1,1,1
Fran85498135,,0,1,1,1
IrisGomesS,,0,1,1,1
ElianeG33,,0,1,1,1
igorxps_,,0,1,1,1
sb_mariiah,,0,1,1,1
moapassos,,0,3,3,1
annasilva963,,0,1,1,1
adalber02600587,,0,1,1,1
adrydepaula,,0,2,2,1
SergoPamboukian,,0,2,2,1
Toffano13,,0,1,1,1
abnael_martins,,0,1,1,1
JoaoAug79603415,,0,4,4,1
RICRBR2,,0,4,4,1
FranciniaArajo1,,0,1,1,1
ElianeF56160891,,0,1,1,1
vagnerfurquim1,,0,1,1,1
vennicio,,0,2,2,1
capiaudosertao,,0,1,1,1
AgnaldoRamosDS,,0,1,1,1
zefvidal,,0,2,2,1
fabicoelhovet,,0,2,2,1
Fiuzafirmao2,,11,0,11,1
Juliana24319614,,0,1,1,1
Junior19681995,,0,1,1,1
JJuniorRezende,,0,1,1,1
EAlvarrnga,,0,1,1,1
cap_rj,,0,1,1,1
MrochaNysoft,,9,0,9,1
mariareginagri2,,0,1,1,1
NoVuelvenMasEnS,,0,1,1,1
lizibschmitt,,0,4,4,1
OliverNoronha,,7,0,7,1
ClaudioLinhar19,,0,1,1,1
TOADTerapia,,0,3,3,1
LibiaMedina16,,0,2,2,0
Henriq3581,,2,0,2,1
MarcioBrasilei3,,0,1,1,1
ly_sil123,,0,1,1,1
helenagsoo,,0,1,1,1
ClaupriP,,0,1,1,1
willmourds,,7,0,7,1
Marcos_Cancio68,,0,1,1,1
Mimi_Aguiar7,,0,2,2,1
maratonmaia,,0,1,1,1
cruz15355282,,0,1,1,1
conservadora_a,,0,1,1,1
AnaPifano2,,4,0,4,1
AG21D,,0,1,1,1
Junior53461806,,0,1,1,1
Brenoguerraaju,,0,2,2,1
marta_santoa,,0,2,2,1
nayarathaf,,4,0,4,1
Rosimeyre2120,,0,1,1,1
CarvalhoCanada,,0,1,1,1
ThassyOliv3ira,,0,2,2,1
ines_fereira,,0,1,1,1
aguaeoleo,,0,3,3,1
Ferri3Joana,,0,2,2,1
Revival25370852,,0,1,1,1
VitorHu47660016,,0,4,4,1
Cristia56489041,,0,2,2,1
DelmaGodoy,,0,1,1,1
Elilima001,,6,0,6,1
Claudio25924351,,9,0,9,1
WeillerAlves34,,1,0,1,1
MargaretePaesB4,,0,1,1,1
hummingbird_cc,,0,1,1,1
Lano_iss,,3,0,3,1
SandraRosaGoul4,,0,1,1,1
clecio_tavares,,1,0,1,1
Flavian51746791,,2,0,2,1
Simone_only,,0,2,2,1
Anasci75,,0,1,1,1
Paty501263321,,0,1,1,1
VniaMMoura1,,0,1,1,1
SharonPecnik,,0,1,1,1
fastasna,,0,2,2,1
patriotalovers,,0,1,1,1
WAGNERV06967168,,0,2,2,1
SuelyCristinaR1,,0,3,3,1
Jhonata44245112,,0,1,1,1
vrgncafe,,0,1,1,1
maria_matsuoka,,0,1,1,1
vendaslotes,,0,1,1,1
jdgrings,,3,0,3,1
Marta_Camponez,,1,0,1,1
Roberto65739999,,0,1,1,1
MARECHAL1995,,1,0,1,1
JeanBarcelos47,,0,1,1,1
nirlamarques,,4,1,5,1
dilo234fmg,,2,0,2,1
Chriscyszk,,0,2,2,1
Norivalrockjr,,1,0,1,1
Daniel33509009,,0,1,1,1
mluiza1216,,0,1,1,1
Liberte_o_BR,,1,0,1,1
Rickys_Ricardo3,,3,0,3,1
MeirocaSoares,,5,0,5,1
GuardadoEdson,,0,1,1,1
nostrendsbrasil,,2,0,2,0
AdrianeNelci,,3,0,3,1
Julio_B_2022,,1,0,1,1
CRISTOLUZ1000,,4,0,4,1
Brasil_shelby,,2,0,2,1
GraziHenriques,,3,0,3,1
joaoalberico,,0,1,1,1
diegodeabreu,,1,0,1,0
BolsonaroNews22,,2,0,2,1
Claudinhaura,,1,0,1,1
KaukitoTurismo,,1,0,1,1
BayerNany,,4,0,4,1
RaphaelFrJesus,,0,1,1,1
botdosul,,2,0,2,1
EstelaEuMesmaSC,,8,0,8,1
LARYERFERSON,,0,1,1,1
guto_mendez2,,1,0,1,1
THECarluxo,,1,0,1,1
SusiLoba,,1,0,1,1
psmota05,,2,0,2,1
RachelAndo7,,1,0,1,1
adrianamontesp1,,1,0,1,1
DinhoBRChannel,,1,0,1,1
usergolftango,,1,0,1,1
iAvancaBrasil,,1,0,1,1
livialternativa,,1,0,1,0
paula1998_22,,1,0,1,1
AzyanKristopher,,3,0,3,1
Jasminioficial3,,1,0,1,1
jozeneto_e,,1,0,1,1
Celia_Santana2,,0,1,1,1
jeizi_elen,,2,0,2,1
LeilaRa43763062,,0,1,1,1
fellipebambam,,1,0,1,1
SERGIOJUNIOR79r,,2,0,2,1
Luciana33877651,,1,0,1,1
viniciussexto,,1,0,1,1
AlexandreGade17,,1,0,1,1
Madrugae22,,1,0,1,1
ConcimoJoao,,1,0,1,1
LeoVilhena51,,1,0,1,1
